Date,Singapore,Australia,Canada,Germany,Japan,Switzerland,U.K.,U.S. NASDAQ,U.S.,France,Netherlands,Sweden,Italy,China,Chile,Indonesia,Philippines,Poland,US SmallCap,Malaysia,Taiwan,Mexico,Korea,Brazil,South Africa,Denmark,India,China,Hong Kong,Thailand,Turkey,Spain,Vietnam,Saudi Arabia
4/28/06,1249.1982,1440.2152,1791.9984,1720.1598,3337.8455,3812.0009,3092.5682,2476.6383,4303.9928,1849.2546,2253.0321,5997.0062,592.4575,38.5571,1761.0722,0.305,10.7465,852.7889,888.1322,132.0197,272.249,5476.2911,0.5106,2685.5967,138.3616,4190.9841,13.1539,38.5524,1642.2614,10.8526,698388.3899,609.5454,,
5/31/06,1148.5332,1356.7979,1744.5981,1629.5601,3129.5694,3688.2272,3050.3481,2325.5945,4180.1246,1792.9432,2146.8394,5590.8749,586.1743,36.2609,1642.0506,0.2618,10.7882,751.0044,838.2467,129.1564,253.9926,4858.4179,0.4714,2249.4737,116.4521,4005.9828,11.2641,36.2741,1551.2139,9.8818,505662.941,592.3033,,
6/30/06,1175.962,1370.5921,1717.1545,1610.8073,3093.745,3681.9449,3092.6012,2319.4877,4185.6667,1804.9427,2144.1916,5609.0802,584.3818,36.949,1616.0472,0.2626,10.0499,753.2799,843.6073,125.468,247.9156,4982.2156,0.464,2389.1108,112.2069,3963.0238,11.5149,37.0078,1555.4125,9.4565,468566.4251,599.9373,,
7/31/06,1178.3103,1388.2455,1722.2017,1604.9681,3076.5282,3796.0658,3166.5869,2233.9032,4211.4994,1815.2575,2196.8313,5517.9401,587.0485,37.9241,1621.7369,0.2794,11.5563,877.7588,816.1288,128.9421,233.9346,5324.4897,0.4628,2414.2808,112.9482,3947.6791,11.5257,38.0046,1582.5966,9.786,504871.7658,614.6132,,
8/31/06,1222.9725,1432.6486,1791.5919,1663.275,3122.3148,3897.6688,3275.4002,2334.78,4311.7104,1875.0355,2286.5549,5728.1436,611.3217,38.7464,1679.1745,0.2964,11.4718,810.0287,840.2673,132.4258,238.8846,5511.1132,0.4742,2402.2913,112.5788,4203.4118,12.6105,38.8559,1638.6475,9.9768,537021.1949,634.42,,
9/29/06,1261.5761,1419.4045,1738.0284,1688.3293,3058.3465,3953.3683,3265.2296,2415.7022,4422.7185,1891.2584,2357.8962,5994.884,610.4318,39.8986,1747.8321,0.3114,12.824,788.6456,847.3358,133.1566,248.6467,5780.4353,0.4889,2357.3586,105.5587,4305.5832,13.6042,40.0911,1655.2123,10.0964,512620.7526,668.2864,,
10/31/06,1366.0216,1539.1893,1821.4249,1772.9001,3111.4561,4059.0646,3431.3371,2532.1003,4566.8188,1942.1038,2367.15,6376.456,633.4371,42.6266,1873.6239,0.3224,13.7003,860.7351,896.1193,138.7514,250.7404,6176.3848,0.4868,2564.0896,117.0977,4494.558,14.5084,42.7656,1686.7562,10.8843,591053.2937,717.0206,,
11/30/06,1465.3159,1601.9485,1873.9044,1854.3836,3132.8709,4188.791,3536.7937,2604.4838,4653.668,2015.1236,2427.1596,6633.9481,667.2363,47.2789,1988.5212,0.3544,14.0791,949.7296,919.5273,154.2528,276.9771,6453.2135,0.514,2714.4874,126.6422,4787.9872,15.3352,47.4226,1783.9914,11.4047,547884.6546,748.5031,586.0298,
12/29/06,1556.5344,1657.3175,1861.4994,1931.0266,3209.2823,4263.5246,3630.0117,2588.4202,4718.544,2085.8894,2520.745,7185.9167,680.8195,54.1443,2075.5132,0.3724,15.4295,966.6084,922.5565,161.2817,280.81,6841.1657,0.5212,2935.691,136.6966,4998.5075,15.8157,54.3007,1896.3373,10.3108,578286.805,760.8271,866.6235,
1/31/07,1618.0208,1659.3374,1856.4258,1954.934,3236.2739,4343.2896,3625.9477,2641.1353,4789.8954,2079.4106,2527.4412,7275.868,680.401,51.8491,2165.0188,0.3547,17.0024,1004.85,937.9887,178.0712,273.108,7011.6053,0.4939,2966.0278,136.4571,5135.0886,16.22,52.2116,1927.2938,9.9898,621198.0217,773.6914,1287.037,
2/28/07,1629.2774,1726.4954,1869.9977,1972.7004,3365.8839,4258.3229,3636.4013,2592.3649,4696.2303,2080.0545,2530.686,7053.0813,673.0586,50.9381,2135.461,0.3423,15.9679,948.196,930.5236,178.9993,277.9278,6739.2133,0.5147,2882.7227,136.8855,5144.3359,14.8199,51.3153,1877.8218,10.4956,622928.8604,768.7644,1293.248,
3/30/07,1719.7375,1828.4619,1921.8803,2059.0943,3304.2238,4358.3303,3795.7204,2599.7712,4748.6852,2144.0854,2707.6723,7460.1857,686.8784,52.8925,2220.0684,0.3649,16.8101,1057.1969,940.4915,191.1094,271.8049,7247.6869,0.5287,3115.3018,144.3116,5362.5251,15.2825,53.2975,1907.441,10.6497,661176.0203,791.8023,1100.568,
4/30/07,1792.4548,1931.3074,2038.5045,2239.2274,3238.8045,4646.6471,3976.9641,2711.8529,4959.0516,2316.2285,2926.2017,8214.9032,736.5587,54.7579,2477.5426,0.3956,17.3413,1124.4833,957.4499,204.0858,271.1906,7384.9901,0.5604,3306.5955,157.597,5731.8012,17.137,55.2272,1952.156,11.2938,703635.4857,800.6697,931.7595,
5/31/07,1880.4346,1960.6867,2213.2521,2310.6856,3290.9698,4585.5189,4065.6136,2800.0206,5132.048,2339.528,2903.3964,8093.377,719.7988,58.492,2533.3757,0.4134,19.2352,1131.2518,996.6658,211.7941,281.8058,8222.0735,0.6064,3691.9179,151.7689,5851.75,18.343,58.9108,1991.7903,12.0099,764918.2959,843.1744,1129.311,
6/29/07,1899.8172,2021.5865,2210.2763,2353.7108,3281.1058,4470.1994,4134.0697,2799.9965,5046.7393,2319.2797,2896.0796,7978.3426,703.5257,65.1367,2677.0714,0.4254,20.3788,1199.3666,982.242,208.4377,308.1443,8165.2489,0.6259,3849.1997,149.0107,5704.0209,18.4837,65.665,2019.8434,12.5841,765449.4846,822.4374,1014.211,
7/31/07,1923.4694,1994.6205,2204.9472,2267.5681,3274.3208,4396.4071,4032.9408,2739.802,4890.279,2235.9004,2885.6909,8003.8844,683.3548,71.8203,2612.0514,0.4649,20.0278,1207.2287,914.9666,211.8621,314.1221,7829.9194,0.6935,4012.2278,149.3824,5918.8386,19.5951,72.4799,2160.7913,14.3863,888636.457,834.5124,871.2957,
8/31/07,1854.1945,1968.3073,2205.8462,2271.325,3177.6292,4372.5965,4037.7283,2797.2153,4963.5738,2194.1938,2800.1078,7638.6287,680.3595,77.0346,2596.1172,0.437,18.7479,1143.6422,935.6503,194.451,302.9871,7738.2671,0.6625,3869.315,148.4234,5890.5882,18.9953,77.4498,2171.6313,13.5351,821877.2113,816.6525,852.252,
9/28/07,2074.2669,2260.9445,2422.3999,2440.1525,3235.0465,4537.7166,4192.7572,2911.5971,5149.1544,2307.2631,3025.5012,8168.8105,705.834,91.9736,2609.5096,0.4914,20.3307,1210.6818,951.7016,211.2028,320.9857,7809.6064,0.7131,4646.4931,158.8239,6214.8743,22.247,92.1365,2505.5315,14.2869,959205.581,859.7227,1023.57,
10/31/07,2168.4629,2428.1655,2649.6936,2553.7225,3221.8918,4624.9062,4458.4989,3082.9378,5231.059,2395.3758,3082.2862,7970.3592,730.2104,107.2112,2873.8901,0.5707,22.0334,1361.7371,979.0074,228.7822,338.3763,8184.9714,0.7604,5381.9962,180.6922,6467.6102,25.9608,107.1541,2780.1061,15.8125,1064319.742,958.2206,1084.897,
11/30/07,2003.3138,2251.4953,2355.6867,2521.9981,3162.3063,4630.9871,4237.7016,2872.092,5016.4239,2352.8727,2962.8084,7326.162,717.2337,92.6539,2605.76,0.5754,21.0895,1257.0359,908.6731,223.6564,300.4099,7726.8141,0.6872,5120.3869,166.8543,6215.2618,25.4689,93.0179,2679.5478,14.7657,981075.966,958.3516,1000,
12/31/07,2006.1598,2171.3259,2420.6263,2564.3451,3035.456,4450.214,4127.6324,2864.3811,4981.4304,2319.3209,2967.3905,7127.1877,706.7616,88.524,2565.8495,0.5788,21.861,1236.4827,907.9509,237.8288,296.4075,7648.7878,0.6892,5270.7247,159.8846,6222.0204,27.3804,89.0063,2684.1395,15.0878,1013109.837,926.8729,983.6694,
1/31/08,1753.4449,1982.8368,2266.5986,2205.3183,2896.5919,4200.3469,3761.5026,2581.7982,4682.6299,2039.1521,2616.211,6292.5316,638.0861,69.4377,2521.8493,0.5675,20.2593,1062.0771,846.0124,235.4631,265.2559,7548.8275,0.591,4835.4897,139.8635,5508.2587,23.4516,69.8071,2371.9026,14.0808,773904.982,813.5886,902.5635,
2/29/08,1824.5316,2045.7217,2406.9522,2234.3472,2915.7565,4289.2636,3798.1558,2456.5453,4530.4922,2072.9095,2677.6662,6731.6078,636.7656,76.9208,2614.8807,0.6124,19.3863,1096.8172,814.6425,234.739,304.6047,7595.8038,0.6174,5419.4694,147.7694,5998.5912,22.886,77.1765,2319.6399,15.9658,780317.7003,828.1942,687.7825,
3/31/08,1853.1593,1937.3425,2274.934,2258.247,2773.7127,4341.8082,3763.7507,2466.5167,4510.9058,2124.8809,2762.7488,6879.0265,623.9371,67.5535,2817.4074,0.5414,18.2521,1180.96,818.0271,215.9372,312.074,8036.7029,0.592,5006.1052,136.4953,6184.3019,19.9933,67.7971,2178.4404,15.6258,627601.5183,871.3467,550.3521,
4/30/08,1976.0241,2101.6459,2436.0597,2337.2761,2974.7504,4326.067,4024.6371,2612.0027,4730.6252,2211.4413,2836.9235,7011.1555,659.8687,77.9535,2787.1801,0.5092,16.4298,1164.6356,852.2719,221.4227,325.2037,7894.8521,0.6331,5775.5588,153.5259,6131.0965,22.1615,78.352,2357.3036,15.9372,730469.3511,896.6869,569.2703,
5/30/08,1989.919,2160.7429,2621.3556,2346.5204,3049.1655,4305.6679,4024.3351,2734.4338,4791.8984,2227.3483,2838.6013,7135.0939,649.1211,73.6965,2758.0111,0.5318,16.4181,1201.7604,891.4206,215.0548,314.7449,8376.0073,0.6246,6439.5311,158.3122,6511.8856,20.0718,74.1581,2345.7038,15.449,709612.4753,882.5873,434.3236,
6/30/08,1836.4101,2017.6848,2527.409,2158.3351,2839.5889,4073.5019,3789.6531,2486.5606,4387.8851,2002.5257,2473.9516,6036.1349,577.8962,64.4581,2489.6207,0.5167,13.6728,1084.9948,822.7941,196.2561,278.5285,7646.9204,0.5467,5928.7322,142.8966,6109.6105,16.0401,64.8104,2095.175,13.7448,620610.8299,791.279,437.68,
7/31/08,1828.9354,1883.4613,2351.489,2135.7139,2742.7286,4051.7983,3640.2657,2522.7384,4350.9995,1962.2162,2373.465,5984.6346,551.7129,65.9277,2639.8908,0.5171,14.787,1224.7211,853.2311,193.8888,253.1703,7315.8649,0.5381,5313.1132,146.1129,5943.6069,17.1637,66.3289,2064.551,11.8917,789487.8652,780.2946,544.8485,
8/29/08,1678.0104,1801.1457,2305.6952,2005.253,2633.1456,3933.6651,3557.0553,2571.0306,4413.9455,1893.6963,2381.0614,5721.3555,527.8367,60.5289,2492.7168,0.4823,15.0705,1056.7992,884.0391,176.908,247.9336,7006.6028,0.4636,4788.2687,139.7052,5676.3442,16.9262,60.9152,1954.9094,12.1276,718118.4921,724.0867,664.8539,
9/30/08,1426.537,1503.4255,1978.3246,1714.5823,2319.7942,3533.4062,3037.2801,2272.8578,4020.5953,1621.1642,1932.1214,4660.5635,448.2331,47.9241,2233.2988,0.3754,14.1549,917.5727,813.593,161.4759,200.535,6208.574,0.4192,3683.6282,118.4688,4499.3386,13.7545,47.9823,1615.9985,10.6683,621551.0998,651.5996,576.5927,
10/31/08,1017.1888,1126.0849,1444.9915,1320.7628,1976.7469,3099.9702,2467.9198,1871.2165,3345.333,1257.5205,1445.8922,3418.2645,342.3673,37.0097,1661.2386,0.2321,10.7055,612.0583,644.2908,133.6889,162.707,4304.0895,0.2936,2503.2072,88.9259,3344.2497,9.8819,36.9892,1272.5932,7.16,404188.9258,485.8098,452.5942,
11/28/08,986.4212,1046.5609,1363.127,1202.5427,1952.4452,2818.1927,2331.9059,1672.6928,3105.3122,1182.3158,1358.8203,3293.8721,321.8428,38.6218,1615.2846,0.2041,10.6492,537.5198,568.0657,131.9442,145.1292,4151.088,0.2543,2272.7431,87.7599,3116.2209,8.8248,38.5989,1265.595,6.8547,363342.8993,474.3871,415.8637,
12/31/08,1058.7252,1117.1454,1325.0334,1356.5366,2109.0132,3062.4718,2268.564,1719.2295,3138.3077,1282.2999,1484.4392,3491.9251,343.7121,42.6723,1658.1815,0.244,10.5207,559.1371,600.9508,140.5782,152.3569,4345.1322,0.3004,2317.4596,98.1668,3232.7569,9.6927,42.6456,1314.0714,7.8118,387282.2867,536.3901,453.8856,
1/30/09,996.8597,962.8455,1278.5052,1125.4265,1965.6265,2690.2346,2129.4349,1610.0516,2873.8008,1099.04,1361.106,3098.779,295.8647,39.1287,1837.505,0.2334,10.2952,420.562,534.1016,137.5346,137.063,3792.5968,0.291,2424.4832,87.3844,3160.7438,9.4713,39.1276,1319.9873,7.493,349090.2636,453.3902,424.3972,
2/27/09,886.0715,936.9541,1168.9985,983.8412,1721.511,2389.7294,1976.9193,1505.2745,2567.8023,994.1734,1191.3614,2990.7142,255.1854,37.8838,1826.6692,0.212,10.3361,336.3422,469.161,135.9275,142.4957,3288.9581,0.2411,2354.1065,81.2946,2836.7162,8.5051,37.883,1256.8942,7.1691,310834.8762,404.1439,324.4793,
3/31/09,958.7332,1092.2729,1278.9993,1088.1363,1742.6434,2575.5539,2064.1961,1671.2204,2792.7392,1076.649,1232.8181,3272.7126,272.9855,43.2365,1884.421,0.2533,11.2475,384.6664,511.0028,136.5191,165.0102,3738.7818,0.3083,2610.2945,95.9187,2850.3135,9.5388,43.2087,1308.3852,7.4138,338306.4514,434.1288,375.0281,
4/30/09,1127.4416,1209.1606,1457.2061,1257.1576,1910.4483,2747.3373,2337.795,1878.4121,3059.9756,1212.0772,1371.5226,4020.2339,323.8991,47.9478,2028.4146,0.3322,12.0832,481.8517,589.9878,158.7657,193.7271,4284.5958,0.3699,3128.3935,107.0553,3371.6978,11.3762,47.9193,1529.6794,8.8223,435230.491,505.0322,438.3861,
5/29/09,1407.9528,1340.857,1766.7695,1358.1168,2106.1921,3005.608,2683.5184,1943.6103,3231.0296,1339.9006,1534.9082,4342.8134,363.0319,55.7522,2419.959,0.3721,14.0818,501.6236,607.7698,169.8101,223.2724,5022.9915,0.3851,3821.9753,125.397,3811.2088,15.5858,55.7339,1807.9567,10.3205,505347.1395,563.9871,511.239,
6/30/09,1400.6428,1408.9427,1671.1224,1311.4571,2142.469,2976.9808,2664.7638,2011.0241,3237.4244,1279.3321,1515.2764,4335.8926,346.4777,57.7891,2539.0073,0.3973,13.9817,528.418,616.6856,174.9244,206.1422,5070.8072,0.3818,3671.3219,125.7079,3817.9138,15.2468,57.7527,1778.9678,11.4008,527656.4262,586.6597,529.8535,
7/31/09,1623.9175,1555.8667,1871.8023,1465.8599,2233.4078,3307.8626,2916.751,2169.1209,3482.274,1412.6335,1732.546,5113.2532,375.3761,64.043,2611.8019,0.4947,16.2721,679.0987,676.0747,193.541,227.3194,5609.2248,0.454,3999.4077,133.4836,4091.4305,16.5663,64.0035,2023.9991,11.8585,641496.3962,666.2735,581.6933,
8/31/09,1581.5727,1687.4076,1844.9483,1526.9854,2320.7713,3523.2307,3104.8088,2205.3733,3607.9287,1522.5579,1829.654,5389.3064,410.4185,59.534,2496.3224,0.4911,16.1122,718.4777,695.4604,193.0474,219.3004,5891.257,0.4572,4067.7362,140.0817,4415.8965,16.4151,59.5005,1880.9602,12.154,678249.0805,705.835,678.0348,
9/30/09,1674.9568,1889.0705,1978.9185,1616.1179,2266.6165,3650.998,3198.6323,2330.9064,3742.5445,1615.727,1981.0555,5436.6657,438.7117,62.0586,2682.2817,0.5488,16.0255,714.0478,735.511,200.5907,247.1205,5990.2282,0.5136,4686.1266,145.5449,4506.7238,18.2324,62.0194,2036.4677,13.6772,702455.7191,741.9345,698.0351,
10/30/09,1658.136,1878.165,1877.2405,1551.7951,2209.8389,3668.2748,3243.1318,2246.8051,3672.9823,1551.1552,1941.3744,5687.1332,416.9915,66.0412,2699.0412,0.5285,16.3303,752.9171,685.5359,210.5954,236.9389,6019.3919,0.4777,4815.9538,142.0127,4378.9054,17.502,66.0014,2092.5619,12.8104,681145.0901,734.0765,719.1963,
11/30/09,1741.3012,1944.2081,2016.752,1631.5411,2187.4429,3729.5411,3362.918,2360.2665,3893.1449,1607.2623,1976.7527,5685.7451,421.6222,67.6609,2851.5455,0.5454,17.2215,814.7333,706.8888,212.8448,246.1063,6622.8403,0.4826,5213.0389,150.4992,4520.3821,18.9619,67.6198,2065.4589,12.8988,639254.1246,763.2776,647.1557,
12/31/09,1835.3994,1981.0343,2080.3059,1651.2844,2202.6828,3790.657,3455.031,2498.738,3968.3317,1643.4668,2050.5437,5633.0675,426.1522,67.9735,3096.0734,0.5755,17.6901,797.5557,763.7481,213.5941,267.1075,6808.7322,0.5304,5298.0676,157.4193,4379.8798,19.6414,67.9659,2110.3938,13.8222,768119.1546,745.1419,631.811,
1/29/10,1724.7239,1845.0651,1926.7163,1505.1947,2244.4339,3664.0135,3291.5505,2365.3772,3825.5875,1521.9966,1977.8622,5492.9226,390.0914,62.1031,3195.6413,0.5892,16.6746,787.0795,735.6007,212.6013,249.793,6384.4361,0.5057,4718.8991,149.0711,4516.8409,18.5953,62.1908,1971.5566,13.1071,781048.3042,657.308,621.9822,
2/26/10,1740.3997,1909.3225,2037.9236,1471.6986,2268.7942,3732.9982,3269.0741,2468.685,3944.0112,1486.6844,1884.8586,5650.6472,368.2927,63.4647,3164.2061,0.5668,17.602,745.1731,768.698,214.5665,240.6287,6655.6353,0.501,4946.6427,148.8637,4458.8942,18.8496,63.5323,2048.8559,13.6882,683044.1539,608.3876,642.8054,
3/31/10,1812.2803,2076.3421,2207.2436,1604.8319,2363.8996,3924.2709,3483.7779,2646.2427,4182.0208,1579.0942,2019.6296,6046.1029,395.1113,66.899,3105.5056,0.6358,18.5868,832.5955,831.0874,234.1531,256.8764,7342.2197,0.546,5307.611,166.9773,4785.6198,20.5663,66.9827,2161.546,15.6705,796983.699,629.6791,635.9877,
4/30/10,1918.0098,2055.2359,2239.4726,1563.6677,2359.2455,3705.7893,3454.9202,2717.2313,4248.0146,1497.7846,1990.3357,6275.4574,367.6633,66.5286,3219.2696,0.6745,19.5168,823.8662,878.119,244.2638,263.4147,7353.3003,0.5749,5260.6343,166.4555,5054.9448,20.9792,66.6061,2109.2529,15.2875,852842.9504,598.7452,688.2775,
5/31/10,1749.8126,1731.594,2085.9868,1378.0481,2168.3578,3299.244,3091.6642,2495.2437,3908.8202,1281.5786,1746.0316,5393.3902,309.0326,62.3088,3162.5031,0.6229,18.6779,706.6334,811.4985,227.2916,237.5467,6874.3165,0.4982,4709.0119,155.4958,4479.5955,19.3015,62.5632,1975.1467,14.8687,757912.8344,494.7492,659.4296,
6/30/10,1812.0953,1690.9556,1978.0233,1374.1052,2124.0103,3439.9679,3043.1903,2333.2213,3704.1731,1258.1956,1734.072,5548.1279,305.1468,62.9005,3194.3569,0.6646,19.0677,653.3348,748.5994,235.669,232.7914,6679.7689,0.5051,4500.4924,149.6556,4520.2923,20.1272,63.1591,2035.8053,15.3986,765487.3318,492.8626,676.3724,
7/30/10,1956.9662,1889.6183,2120.0294,1504.5115,2198.8567,3605.4362,3418.9116,2495.1169,3963.6836,1413.1231,1920.9528,6196.5547,353.4448,65.6313,3580.0348,0.7071,19.7145,781.8111,800.0123,247.1554,248.9536,7070.1427,0.5429,5118.6323,168.4,4985.6112,20.2451,65.7181,2153.3138,16.3659,885206.8869,599.4018,659.8551,
8/31/10,1944.1201,1839.2026,2079.2879,1415.3192,2147.9798,3695.3159,3375.6053,2342.3825,3784.7362,1325.5438,1773.7467,5837.3947,327.1231,63.8206,3840.1331,0.6857,20.8312,753.5086,740.7755,263.9508,243.473,6714.0735,0.5288,4954.6247,163.2729,4747.761,19.9733,64.0117,2176.5555,17.9062,870748.6007,565.2832,638.9605,
9/30/10,2098.9521,2089.9088,2241.5199,1602.8838,2229.2541,3897.1579,3687.3782,2627.6677,4122.4858,1517.5394,2006.7574,6918.8491,364.4196,69.302,4235.333,0.7836,24.8093,884.0399,833.073,279.4295,269.6324,7446.3543,0.5933,5479.8864,187.2267,5319.08,23.2246,69.3745,2482.4512,20.4414,1005934.495,625.0424,628.0235,
10/29/10,2170.5851,2159.2903,2312.121,1728.038,2274.7924,3986.0214,3840.221,2782.8571,4279.3388,1594.7255,2040.4602,6952.1344,387.6448,71.9969,4297.6307,0.806,25.3131,929.0345,867.1599,286.6019,277.0113,8057.8841,0.6004,5559.7251,190.1525,5500.2054,23.6125,71.9711,2536.4856,20.8577,1065158.093,652.4953,663.8931,
11/30/10,2137.8226,2090.198,2336.4843,1640.2514,2322.2185,3842.2172,3668.4684,2777.3497,4279.8542,1415.2596,1840.5982,6759.673,326.1453,70.2777,4343.0823,0.7486,21.9124,840.8807,897.2357,278.5403,281.3751,8215.1744,0.6006,5294.665,184.6882,5150.7086,22.0742,70.3732,2583.7633,20.9083,958884.2815,516.4402,676.6453,
12/31/10,2239.3157,2304.2565,2516.8388,1755.0609,2497.1079,4189.874,3940.7328,2951.8596,4565.9089,1538.2271,2040.7672,7432.9399,354.8214,69.7694,4483.2615,0.7801,23.9516,923.4732,968.5438,295.2238,316.4523,8688.7266,0.6761,5674.3618,212.9844,5692.8762,23.7596,69.9354,2600.8341,21.6248,924496.1071,565.096,737.1697,
1/31/11,2240.2518,2258.6922,2527.7498,1826.2036,2500.1066,4176.374,4022.874,3005.2967,4674.1086,1645.0243,2129.8608,7696.2992,394.3058,69.4056,4077.0657,0.7002,21.4582,938.1168,966.0487,297.8783,326.5761,8441.8373,0.6892,5437.7208,186.2173,5807.0567,20.653,69.7673,2645.2621,19.7498,837082.4742,639.3427,788.5542,
2/28/11,2125.918,2364.541,2712.0468,1889.7452,2613.2407,4314.3661,4219.8278,3100.1762,4834.2002,1701.9612,2208.8764,7673.4177,405.3544,68.1516,3969.1344,0.7432,21.1692,944.6397,1019.0278,292.2193,297.9129,8513.7906,0.6446,5600.3035,197.553,6096.5076,20.2841,68.4494,2557.4538,20.8385,815733.4572,644.6457,719.2515,
3/31/11,2230.084,2426.0773,2712.0854,1881.8351,2350.21,4230.8456,4145.4666,3100.8651,4836.1503,1700.3733,2251.3854,7801.4368,403.6698,71.7757,4131.1632,0.8139,23.3088,989.1016,1045.4378,307.7611,303.0056,8740.9159,0.7169,5824.96,207.8337,6200.1896,22.5445,71.9877,2590.4205,22.5263,879512.6873,639.3069,745.0479,
4/29/11,2354.6371,2562.3987,2744.7501,2082.051,2358.6037,4589.0138,4453.0609,3205.2764,4979.3331,1829.1644,2298.5233,8430.4019,436.3227,72.7087,4517.8139,0.8548,24.7007,1091.9716,1073.0439,313.5582,323.1205,8895.2404,0.7669,5793.1901,219.326,6379.937,22.3055,72.8258,2654.5267,24.0509,971065.9113,689.2942,756.7119,
5/31/11,2310.5478,2437.6704,2661.5962,1924.3586,2319.5648,4664.8989,4380.9642,3166.701,4922.9545,1738.4392,2180.3108,8135.3843,400.8263,72.5759,4490.8593,0.8606,23.6639,1057.8185,1052.9255,312.3379,321.6838,8608.8482,0.7379,5607.2961,208.0211,6077.5645,21.3569,72.7835,2669.2022,23.0458,852361.2087,644.5589,661.5122,
6/30/11,2273.4737,2415.8626,2586.769,1961.6768,2352.4444,4460.7524,4275.1266,3099.8338,4840.887,1742.8006,2117.6528,7706.209,387.4049,69.3788,4496.4551,0.8784,24.0042,1030.8988,1028.6498,318.8601,306.1417,8693.1046,0.7239,5589.7315,204.6001,5784.6453,21.8102,69.6112,2565.2103,22.1235,845785.5316,642.3327,705.9275,
7/29/11,2384.3517,2363.0622,2531.9372,1885.0611,2434.8795,4448.5339,4282.492,3081.9799,4742.4196,1600.9315,2022.061,7336.593,351.5335,68.7926,4254.8141,0.9425,25.6864,1002.7541,991.4683,318.2609,302.403,8624.8637,0.7364,5349.3197,202.9418,5582.1401,21.2404,69.14,2617.1579,24.7004,799474.8373,592.7408,651.5373,
8/31/11,2157.0916,2266.2726,2442.4317,1534.8322,2236.3424,4152.9488,4007.0486,2888.4804,4484.7633,1428.7118,1821.4442,6518.604,299.8544,62.3609,4066.9537,0.8649,24.585,880.391,905.2079,294.6028,272.8415,8251.254,0.639,5004.2214,200.5258,4826.149,18.6036,62.6356,2458.3875,22.8619,682578.7394,540.2082,654.2847,
9/30/11,1861.7452,1939.3687,2098.4371,1353.422,2180.5097,3678.8655,3665.6239,2706.2597,4169.5007,1217.9012,1645.9328,5652.9175,265.5582,51.6131,3316.6359,0.7803,22.3367,695.6996,803.733,264.7273,244.0271,6977.5856,0.5538,4083.5071,169.7528,4382.2923,17.4084,51.8085,2054.4054,18.8911,715763.4924,495.3727,622.7214,
10/31/11,2056.5216,2266.1757,2317.9876,1571.3792,2174.9567,3988.6105,4112.6348,3009.25,4625.1931,1374.5728,1859.8753,6549.8797,301.3928,59.4245,3920.0402,0.8484,24.6843,786.2,925.3838,297.159,260.7178,7946.8722,0.6367,4877.4592,185.4394,4709.4997,18.8958,59.499,2311.3921,21.3303,696316.723,537.345,605.1823,
11/30/11,1889.7117,2119.2198,2255.914,1505.3905,2077.4688,3765.5892,4041.0381,2943.5027,4614.9251,1289.8722,1749.8698,6212.535,279.2299,54.426,3568.1811,0.8021,23.136,710.1122,922.0087,284.8778,236.0597,7796.6473,0.5992,4538.1296,184.7526,4849.9999,15.8637,54.5675,2143.6113,20.814,659142.5272,489.0169,518.4784,
12/30/11,1842.4005,2091.7298,2206.6383,1406.7947,2092.3574,3830.1612,4046.3494,2928.5321,4662.0458,1245.9452,1750.4508,6147.9729,266.5505,55.7697,3586.7907,0.8209,23.9761,650.1867,928.0998,296.3257,243.082,7636.0777,0.5918,4449.8645,181.5813,4743.4678,14.9258,55.8517,2183.9777,21.0917,603161.32,479.265,491.9047,
1/31/12,2106.4295,2269.9001,2338.2492,1551.0827,2186.8792,3927.5392,4194.2239,3164.4955,4870.9623,1314.5596,1805.8755,6504.4986,283.5117,61.8081,3854.5299,0.858,26.4742,747.9472,993.6714,308.7796,264.9468,8202.8437,0.6532,5125.6069,195.5105,4952.4954,18.0203,61.802,2390.076,22.8653,712021.1792,481.6563,556.8995,
2/29/12,2209.2996,2347.7457,2421.7712,1681.3758,2296.3289,4117.8424,4449.1601,3341.2709,5081.5947,1407.5967,1882.3166,7202.33,297.7468,65.8328,4204.3504,0.8488,27.8236,780.6521,1017.4523,322.3277,284.6398,8450.5901,0.6845,5405.3256,209.6499,5663.9346,18.8883,65.837,2596.1153,25.4846,763791.2351,490.1028,600.7183,
3/30/12,2198.2708,2294.1439,2350.291,1696.0791,2304.9334,4190.2208,4423.086,3484.3761,5248.5421,1396.4751,1899.9102,6997.0348,290.2662,61.2986,4228.1952,0.8596,29.1579,769.4948,1043.5204,321.6024,278.2837,8826.1672,0.6804,5064.3543,202.8012,5547.948,17.9184,61.3675,2477.1673,25.6032,765010.717,460.444,603.3112,
4/30/12,2216.9966,2337.12,2362.7552,1627.2329,2231.2077,4090.0024,4495.4685,3435.5019,5215.5666,1309.2861,1798.601,6824.575,265.5665,63.4728,4169.7239,0.8564,29.965,742.894,1027.4012,319.082,266.6603,8780.0635,0.6805,4753.7429,202.5883,5712.1779,17.0755,63.4937,2497.1536,26.5024,745548.0185,400.48,645.6105,
5/31/12,1991.9258,2047.0316,2109.6081,1387.1453,2031.3304,3651.6396,4011.5345,3193.6605,4902.1138,1147.3982,1598.1323,5803.1899,219.975,56.3318,3652.0849,0.7537,28.6863,618.8678,959.4415,305.444,253.2616,7741.8364,0.6031,4068.9401,182.7231,5031.7124,15.0303,56.3725,2254.2894,23.4373,657918.5909,327.5665,617.5432,
6/29/12,2112.6605,2179.1612,2171.0855,1452.124,2133.5522,3881.6667,4316.251,3318.6093,5104.1022,1246.3345,1730.1571,6331.3431,250.5992,56.7481,3859.7545,0.8014,30.4467,725.9998,1007.3169,311.8938,251.8249,8729.2973,0.6227,4115.4046,190.5528,5365.9749,16.3006,56.7597,2355.7194,24.3219,775166.0269,395.5319,612.0081,
7/31/12,2279.6069,2342.8047,2219.1846,1488.6399,2082.5233,3966.8172,4371.5794,3325.0639,5174.9771,1245.9398,1789.9119,6735.4464,236.9542,57.4962,3848.7101,0.8497,30.951,715.7255,993.3971,320.6232,248.7935,8928.0455,0.6438,4174.9445,195.4604,5655.3355,16.1152,57.4846,2438.3198,24.7658,803529.9804,364.3853,599.5762,
8/31/12,2269.0747,2356.902,2314.2571,1566.0664,2066.6069,4056.755,4565.8778,3476.3903,5291.5821,1318.5842,1858.3264,6741.6248,262.8789,55.6655,3795.5324,0.8184,30.2438,758.1397,1026.5425,321.3262,253.6307,8726.4692,0.6385,4190.9926,195.8387,5837.5815,16.385,55.6723,2457.2061,25.014,838393.8936,412.4388,555.6617,
9/28/12,2339.8315,2422.1087,2400.6067,1654.3801,2094.3912,4182.6012,4686.0742,3535.4541,5428.3089,1331.3178,1880.7354,7003.7548,268.2481,59.0584,3907.8337,0.8596,31.7119,824.6489,1060.2525,325.9873,271.9104,9319.5858,0.6814,4308.6571,202.4439,5965.8761,18.6721,59.0429,2650.974,26.8733,838080.1081,435.9086,561.5547,
10/31/12,2303.7767,2491.8717,2392.6119,1681.5836,2055.3543,4292.4604,4727.0508,3380.0402,5328.081,1367.1704,1941.9553,6838.0557,277.0962,62.4222,3845.6262,0.8859,32.681,804.3992,1037.2508,334.7903,255.2907,9300.5923,0.6629,4269.5376,199.1009,5915.4925,17.9809,62.3807,2690.2418,26.4104,925871.2815,446.744,540.7537,
11/30/12,2340.6097,2524.4918,2381.9218,1725.4651,2104.0385,4461.5439,4824.7182,3426.8986,5358.927,1423.232,1999.5578,7055.567,282.5662,63.5858,3723.8246,0.8562,34.4219,848.5038,1042.7743,325.7261,273.6474,9466.6057,0.6799,4142.1762,196.2457,6015.209,18.8052,63.5439,2776.7556,26.8251,927294.6652,454.6352,519.2478,
12/31/12,2412.4628,2601.2657,2419.6835,1794.8886,2212.971,4518.891,4930.034,3448.2019,5407.5001,1472.5124,2054.4946,7353.7842,292.7289,66.6433,3885.8033,0.8711,35.3815,922.9239,1080.1787,339.4704,276.1143,9855.2879,0.7235,4459.8453,216.2715,6161.3666,18.8018,66.6059,2801.4641,28.4814,992683.4119,474.4558,579.3092,
1/31/13,2448.2004,2745.98,2464.433,1887.0405,2294.1476,4908.9122,5127.2361,3588.9457,5687.5578,1554.3045,2219.3796,7948.6461,318.8356,69.3889,4179.5939,0.8943,38.0874,892.8841,1147.7901,322.7901,276.7752,10398.0418,0.6923,4589.2561,204.0062,6858.2861,19.6864,69.3915,2965.0089,30.1209,1009958.41,503.1246,690.5075,
2/28/13,2452.2381,2859.6327,2429.8273,1813.0856,2354.5757,4937.3535,5030.4691,3616.0818,5764.7296,1501.715,2069.911,8048.2359,278.6903,66.6607,4141.6075,0.9799,41.394,858.2641,1160.45,327.6142,277.8675,10082.538,0.7205,4475.4237,199.1847,6648.6401,18.3081,66.657,2946.88,30.8396,993554.6033,473.6122,667.5814,
3/29/13,2484.5281,2846.5778,2444.0047,1793.875,2450.5098,5000.943,5126.7263,3742.1407,5980.9347,1478.9384,2100.774,8002.0711,264.1195,63.6164,4062.073,0.988,42.0337,811.8517,1214.0403,336.8306,275.5407,10454.7416,0.6919,4425.4072,195.8887,6356.3205,18.2764,63.6764,2899.2488,31.3902,1073889.56,445.3971,672.8085,
4/30/13,2568.9699,2979.7295,2409.3183,1848.1928,2664.6487,5162.4215,5305.9147,3814.4493,6096.1557,1562.5423,2159.6917,8054.2989,294.9075,64.3367,3934.6661,1.0084,43.2225,820.5378,1209.5803,351.9445,286.6621,10242.0563,0.6749,4508.3975,196.2286,6594.2687,19.1698,64.3807,2974.6026,32.4848,1096282.115,488.944,630.499,
5/31/13,2443.0491,2632.7082,2397.4256,1886.369,2512.3835,5025.7324,5343.2546,3967.506,6238.633,1574.5092,2210.5011,7960.9857,295.9512,63.5247,3623.0852,0.969,41.8823,850.0243,1257.9211,363.1536,286.4337,9639.5565,0.6778,4188.1131,185.5152,6331.5144,18.4766,63.5862,2923.3491,30.1275,1058416.129,474.5429,676.5849,
6/28/13,2327.5581,2453.4691,2264.8337,1807.0877,2554.0624,4929.1822,5090.8408,3911.2048,6154.8719,1494.5681,2131.0156,7423.7506,262.1518,58.0583,3471.3873,0.9236,38.5361,777.4521,1251.4737,355.0898,279.8378,9285.7339,0.6229,3663.779,182.4247,6091.9791,17.2344,58.0659,2765.6707,28.6078,909397.7254,440.2275,605.5804,
7/31/13,2413.0082,2528.5534,2395.869,1924.7156,2569.371,5118.9874,5431.9197,4170.7184,6468.0553,1629.8667,2341.1668,8243.3393,289.1973,60.3611,3154.2046,0.8622,39.3334,847.3487,1339.0493,346.7663,277.9835,9462.7168,0.6452,3608.1368,186.909,6599.8118,16.783,60.3617,2880.4144,27.8142,866022.7988,496.3716,605.227,
8/30/13,2285.375,2578.6772,2373.87,1874.6462,2513.3912,5050.8812,5462.0603,4136.4885,6280.6104,1593.4714,2306.3652,8000.2464,291.7004,61.8079,3097.6147,0.705,34.867,870.2175,1296.4981,331.9027,275.1328,8840.6272,0.6706,3533.076,184.1788,6626.8337,14.8849,61.8012,2843.5504,24.7825,756899.1044,483.934,588.0098,
9/30/13,2436.4584,2767.2657,2467.9389,2037.1188,2706.6585,5394.0072,5775.9989,4349.1128,6477.5844,1723.3005,2437.8666,8550.2611,312.4379,64.7764,3279.0844,0.7075,36.4724,916.9473,1379.1887,346.6318,282.4382,9126.8709,0.7153,3972.7176,199.1432,6920.0071,16.3752,64.776,3011.451,27.2704,849706.3836,553.5356,611.1201,
10/31/13,2522.2354,2923.5554,2550.0312,2153.3527,2706.1174,5532.0405,5992.4565,4522.2511,6775.3131,1793.1331,2553.4493,8564.3214,349.5743,66.3798,3305.702,0.7682,39.3442,982.7309,1413.8701,366.0363,294.9584,9496.0604,0.7443,4214.625,208.5831,7034.8378,18.0061,66.3606,3073.8428,28.9522,893492.6927,605.574,632.6733,
11/29/13,2483.6858,2793.6021,2527.7043,2244.9292,2745.0217,5565.4786,6085.8577,4693.8847,6981.6796,1795.0151,2585.8929,8658.4923,343.0227,69.6014,3099.0334,0.6855,37.0759,995.4049,1470.5219,359.8753,290.4669,9759.0389,0.7573,3934.7176,200.775,7365.8535,17.5466,69.5782,3107.9586,26.4869,858008.445,602.0692,632.7802,
12/31/13,2454.7185,2751.3001,2569.6107,2307.4559,2764.8027,5623.9229,6262.5019,4833.2427,7157.9527,1821.9265,2643.8707,8993.3538,345.329,67.2126,3054.0589,0.6668,34.662,955.9524,1499.5247,364.8308,294.6261,9863.6175,0.7523,3755.1072,202.6909,7625.9862,18.0827,67.1994,3112.2919,24.3964,728658.2566,615.7913,628.9906,
1/31/14,2295.8594,2614.6584,2464.506,2189.6919,2658.0334,5513.4815,6000.4625,4751.3311,6910.4718,1731.4556,2491.2753,8637.1158,347.1396,62.7093,2675.8831,0.6981,34.7433,898.6129,1458.0181,345.9256,284.9195,9221.3727,0.7043,3357.9779,183.8699,7878.4186,17.417,62.7866,2937.1101,23.8879,632333.5438,604.4549,708.0446,
2/28/14,2369.9592,2811.2472,2574.3011,2336.1569,2643.041,5878.5397,6460.2781,4995.8153,7226.4578,1877.9728,2638.1498,9259.8443,371.8861,64.356,2900.6606,0.7693,38.1512,1007.977,1526.7091,359.3955,289.781,8880.2828,0.7268,3479.6083,200.4828,9047.0898,18.0446,64.4034,3076.0865,25.051,655452.0656,631.3807,751.2766,
3/31/14,2430.9022,2935.7686,2613.1938,2295.4343,2589.3267,5860.1846,6299.1844,4873.4423,7287.2177,1872.9608,2668.1066,9157.8106,395.714,63.2706,2987.4208,0.8091,38.2596,984.1909,1516.3156,364.9948,297.8749,9372.408,0.7313,3862.6874,213.4824,8772.3986,19.5036,63.2846,3007.741,26.2385,765415.7713,646.8266,732.5531,
4/30/14,2529.1559,2993.7654,2690.1729,2306.053,2522.2089,5905.3842,6615.8527,4777.8472,7341.0656,1921.5445,2612.256,9108.2804,401.5483,61.8116,3033.5831,0.823,39.863,980.5476,1457.5111,368.7384,301.4153,9401.4632,0.7418,4013.6595,213.1464,8805.6238,19.3549,61.7928,3086.0425,27.3431,821935.6694,666.8217,702.7241,
5/30/14,2575.3971,3030.0199,2711.9094,2311.6323,2621.9769,5943.8366,6703.9007,4935.3936,7513.2653,1910.11,2633.8108,9142.709,394.3841,64.3592,3097.4022,0.8264,40.5722,980.8016,1469.1934,373.4136,313.2883,9690.7179,0.7692,3943.1226,217.2884,8701.2596,21.13,64.3397,3233.5424,26.4463,902199.8719,680.9108,717.0824,
6/30/14,2570.7862,3023.0797,2874.8127,2295.4343,2757.0399,5910.9273,6768.9887,5132.5946,7668.4764,1875.8626,2659.0621,8978.1198,391.0802,65.6733,3067.2356,0.8181,41.7566,976.8921,1547.3653,376.9433,327.8334,9989.7053,0.7767,4154.1097,223.702,9030.3495,22.0728,65.6315,3256.0146,28.2803,882319.0419,691.5832,702.5888,
7/31/14,2681.9136,3114.0273,2873.6367,2147.5913,2772.8828,5675.7483,6692.4159,5090.4952,7562.7106,1762.4391,2517.9919,8692.7973,370.0826,70.5656,2918.3941,0.885,41.9087,920.3717,1453.7046,375.3507,323.9495,10129.0581,0.7874,4232.2065,225.7714,8813.2708,22.1818,70.5178,3455.4164,28.6708,916541.7058,669.5793,727.4507,
8/29/14,2647.3251,3151.9214,2938.7966,2128.3667,2712.0404,5799.5943,6786.2896,5344.5635,7865.1642,1782.0071,2562.1058,8672.3633,361.7521,70.7016,2905.2375,0.8726,43.2645,935.8507,1525.7879,380.4591,333.5483,10638.9896,0.7829,4700.4677,229.6442,8691.9819,22.9037,70.6546,3422.8027,30.3165,884524.7886,660.6009,776.9361,310.4168
9/30/14,2540.7743,2797.8055,2749.4115,2038.946,2676.1688,5646.9457,6440.4241,5247.5245,7754.887,1716.9086,2526.7487,8455.8849,356.0358,65.964,2829.9225,0.847,43.4388,954.3338,1433.4871,364.7152,310.0936,10197.0841,0.7179,3797.4917,208.9698,8678.887,22.495,66.0478,3172.0457,30.4341,778512.6571,640.2977,721.4463,301.5583
10/31/14,2513.8596,2950.8427,2671.6711,1997.6792,2641.1095,5605.0495,6303.3069,5410.2338,7944.2639,1640.5092,2470.9167,8323.0835,335.2759,68.7961,2811.1922,0.8502,43.1991,919.5124,1527.9813,363.1151,317.8514,10150.6097,0.6936,3817.2488,223.2812,8471.1153,23.4388,68.7953,3387.6015,30.2644,859714.9087,616.0952,718.039,277.4903
11/28/14,2542.4305,2764.1911,2672.5382,2124.8726,2648.6675,5790.9826,6387.9188,5610.4784,8157.7439,1696.701,2604.4496,8541.8788,335.3034,69.8454,2790.4945,0.8554,43.737,901.2008,1529.3602,346.4751,322.3625,9691.9832,0.6761,3638.3124,223.1724,8504.9821,23.7367,69.8434,3410.6717,30.6644,922306.2008,634.9451,686.2872,247.0297
12/31/14,2530.4907,2704.1606,2621.1245,2030.973,2608.1061,5520.4134,6221.9204,5549.5986,8136.7521,1610.6486,2515.5578,8164.659,308.0421,70.6477,2681.5611,0.8503,43.8188,829.6585,1572.9448,326.0588,315.3512,8948.3728,0.6683,3235.779,215.6488,8000.1893,22.3625,70.6439,3270.6141,28.5305,868491.1339,589.6421,673.511,225.2475
1/30/15,2474.714,2653.775,2403.8054,2063.5219,2668.9164,5557.3142,6167.6777,5435.1205,7892.5005,1621.8391,2518.2179,8341.628,308.0854,72.2461,2577.0537,0.837,46.7682,792.1575,1522.3593,317.2103,318.596,8411.2638,0.6754,3028.0423,224.6688,8151.9556,24.1216,72.2285,3451.3457,29.4776,859847.4339,552.3196,685.5027,236.6551
2/27/15,2473.96,2866.9557,2547.1391,2188.0664,2830.074,5811.198,6591.3621,5831.6133,8346.0024,1727.8409,2682.5589,8910.8084,333.8852,74.5868,2732.8847,0.8538,47.5797,804.7759,1612.7364,327.7282,330.2679,9033.4555,0.6828,3114.5426,226.006,8838.5787,24.6772,74.5888,3434.8041,29.6572,785002.6011,591.804,706.5949,251.2811
3/31/15,2479.028,2800.8233,2465.7085,2194.75,2855.0516,5753.5962,6253.7949,5763.7897,8214.0383,1684.293,2635.237,8528.8602,329.0979,76.382,2685.3575,0.873,48.2971,796.6819,1640.831,321.1488,327.8012,8771.006,0.6939,2763.93,222.0391,9212.2924,23.7108,76.3606,3466.4828,29.1899,730787.1768,587.2294,647.1666,232.473
4/30/15,2654.5236,2845.0092,2637.8735,2183.2068,2955.3958,5933.5338,6717.1641,5814.6108,8292.7329,1764.3715,2725.8333,8632.8803,342.4752,89.1155,2821.7304,0.7877,46.9066,883.0937,1598.9852,332.1955,342.608,8852.169,0.7359,3228.9691,235.332,9729.2307,22.028,89.0684,3782.8333,29.209,745547.2016,608.5257,665.6859,271.8829
5/29/15,2514.4943,2770.7202,2519.0353,2096.5024,2992.353,5987.0079,6747.1578,5975.2724,8399.3877,1717.4065,2737.1141,8520.7783,343.4537,85.6674,2794.7759,0.8112,46.4399,824.4423,1635.4909,313.1606,341.9763,8885.3725,0.6942,2850.379,215.2252,9650.4567,22.7511,85.6261,3762.771,28.1081,748588.1867,587.1196,674.2607,266.6453
6/30/15,2478.8716,2651.9257,2445.9914,2041.3905,2938.6732,5740.1241,6529.2713,5882.232,8236.7908,1666.1525,2679.4923,8207.4383,333.8787,79.7733,2605.2831,0.7512,45.9452,793.4481,1647.7379,298.2252,328.583,8805.1806,0.6669,2957.8522,220.88,9425.4219,22.7788,79.7454,3659.5393,28.2381,740099.7049,574.6725,716.1435,246.6545
7/31/15,2358.7396,2627.7918,2357.3263,2096.2571,2952.3083,5993.3234,6649.8894,6051.7869,8409.3876,1747.8894,2794.3598,8306.1183,347.6871,71.0695,2467.628,0.7192,45.4035,764.8198,1628.5919,295.0582,301.0715,8582.0614,0.6185,2596.7948,207.4063,9998.7969,23.2095,71.0427,3598.2497,26.2752,695955.4263,594.7725,743.7468,252.4833
8/31/15,2087.7071,2356.0626,2205.8282,1938.9192,2780.1314,5585.5278,6225.4541,5646.2371,7901.907,1625.0261,2549.5461,7797.8601,329.1878,62.7589,2380.2368,0.6551,42.0394,740.9968,1526.2504,251.4009,275.3677,8022.3915,0.579,2229.7181,192.8943,9478.288,21.1506,62.7163,3135.7988,24.5787,626777.7259,551.307,671.453,214.4487
9/30/15,1994.5495,2250.0478,2102.8634,1819.013,2574.425,5337.6694,5955.3253,5465.2979,7706.4184,1556.6661,2426.9604,7455.5734,318.7591,61.331,2251.6097,0.5709,41.2579,710.1355,1451.3692,242.5324,267.1599,7752.8393,0.5889,1965.0571,179.6938,9194.1865,21.2575,61.2894,3067.9966,23.2434,595293.2403,509.5263,654.8305,210.5074
10/30/15,2186.0598,2386.979,2192.0009,2012.0835,2833.7223,5574.3227,6409.8515,5981.581,8356.4718,1686.4941,2618.5338,7814.9209,333.1602,66.8905,2381.2816,0.6599,42.3303,700.9782,1533.1423,255.6694,282.0498,8307.9123,0.6545,2067.4087,192.9256,9237.2856,21.5325,66.8463,3330.9801,24.504,668115.0496,546.3894,698.4168,208.612
11/30/15,2066.4819,2408.0809,2148.717,2012.2903,2804.523,5394.8057,6301.1388,6057.997,8381.2488,1635.9411,2569.0691,7813.7728,322.2228,64.6175,2202.615,0.6552,40.7313,625.6663,1583.0144,259.9507,272.5591,8071.4643,0.6319,2002.3054,179.2199,9525.9999,20.5512,64.5899,3226.4679,23.6803,628050.5224,527.1826,637.2466,214.3136
12/31/15,2084.8316,2492.1878,1998.2952,1959.013,2810.5653,5446.6879,6059.9118,5944.0933,8248.3022,1579.4635,2499.5261,7631.948,311.1066,63.7717,2229.7998,0.6854,41.181,625.465,1503.527,260.3756,270.4436,7662.051,0.6219,1902.8929,161.3412,9805.8303,21.0027,63.7317,3252.4641,21.8112,594646.9772,497.2241,670.0098,202.9682
1/29/16,1894.0636,2277.2049,1949.0148,1780.7747,2579.2672,5037.3921,5699.6591,5479.532,7838.9758,1507.4136,2429.7115,7028.9856,268.932,55.6596,2249.9279,0.705,39.023,575.0578,1371.2892,268.0001,258.0328,7402.9168,0.5827,1763.7803,155.1811,9361.9952,19.5808,55.8329,2949.463,22.8064,604271.4247,457.9039,628.0655,175.6944
2/29/16,1959.6662,2263.753,2023.7722,1734.1747,2507.6817,4924.5276,5704.49,5423.484,7828.3232,1489.9103,2389.9154,7118.5383,254.9329,54.2486,2288.533,0.7457,39.0369,599.7886,1371.1349,262.8652,268.5889,7469.7559,0.5739,1874.5727,155.4597,9139.2854,18.1858,54.3761,2946.1551,23.7823,622694.2188,440.7738,601.7044,184.5656
3/31/16,2187.3843,2544.8016,2226.6537,1905.4832,2604.9437,5118.8167,6025.9016,5802.0027,8359.3622,1577.9239,2579.9136,7567.9475,274.8273,60.7037,2525.1642,0.7756,44.1229,702.0131,1480.5666,297.7412,291.3144,8309.2569,0.6558,2446.9123,184.0331,9623.3875,20.5257,60.7101,3234.5831,25.634,722574.9249,475.864,611.7275,185.8891
4/29/16,2196.7154,2615.4162,2376.9928,1918.8129,2725.8471,5217.197,6268.6735,5692.3714,8391.789,1602.3763,2556.4418,7616.8095,281.9505,60.5788,2595.532,0.7574,42.5634,648.3332,1503.8041,287.3846,275.8409,8293.1298,0.6482,2701.4054,190.685,9817.5933,20.5698,60.5899,3264.8704,25.7782,755254.795,500.0548,658.8845,201.3219
5/31/16,2104.0278,2566.6286,2295.701,1876.2836,2697.9351,5186.0928,6284.0469,5910.7717,8542.3689,1582.9366,2575.2702,7387.964,267.3958,59.9944,2434.817,0.7331,44.5957,597.8273,1537.6673,268.0314,280.6728,7643.8159,0.623,2332.9438,174.1313,9970.2024,21.0369,60.0803,3235.5608,25.8296,656128.0516,485.9194,666.5551,193.7561
6/30/16,2190.4427,2574.1563,2305.5681,1767.5468,2627.927,5154.3326,6086.9837,5789.1416,8564.5394,1485.102,2412.7299,7061.4357,241.7659,59.8169,2588.5951,0.8034,46.5591,583.9742,1536.6845,280.8209,290.0628,7731.945,0.6468,2787.8941,186.4394,9550.3358,21.2555,59.8399,3264.222,26.3323,668187.4719,436.978,679.2845,195.4127
7/29/16,2200.6077,2778.9642,2384.3782,1898.2472,2798.137,5274.0066,6260.2262,6174.2631,8880.2672,1566.6815,2528.5038,7324.1173,252.0976,61.8771,2665.0629,0.8489,47.6761,597.9871,1628.4352,277.5836,306.2932,7713.796,0.6907,3066.3734,203.0708,9965.306,22.5351,61.9131,3488.4704,28.2813,629820.7898,463.893,697.4421,191.4371
8/31/16,2158.9974,2721.5141,2392.6285,1936.2976,2807.9192,5240.2209,6343.1338,6246.8992,8892.7638,1558.6848,2587.7521,7438.2458,253.9173,66.4296,2555.3901,0.8583,46.7772,609.8672,1657.2218,281.2319,310.0053,7819.4247,0.7074,3094.0097,187.9952,9310.258,22.7394,66.446,3525.2603,29.2717,638262.9948,469.9827,701.5265,187.4451
9/30/16,2192.6253,2793.242,2420.3732,1943.8398,2831.4983,5280.3729,6414.7155,6369.1961,8894.3336,1577.3217,2617.4849,7589.4594,246.5137,67.9531,2544.6485,0.8799,44.4063,601.3168,1675.6803,274.2992,317.8602,7559.0449,0.7194,3104.7475,199.3158,8930.4886,22.508,67.965,3654.0854,28.2927,632739.4163,476.4434,684.046,177.5059
10/31/16,2104.4682,2729.8863,2399.775,1914.3795,2868.9069,4993.9318,6105.0555,6225.5168,8732.0853,1566.2303,2552.8129,7186.859,250.7114,66.6314,2744.9858,0.879,42.9477,622.9574,1596.0184,273.1809,322.447,7935.4523,0.6911,3539.6881,196.7864,8374.0636,22.4195,66.6355,3612.0309,27.5809,628051.5318,492.0595,666.3051,193.1431
11/30/16,2149.3033,2750.435,2457.639,1843.5772,2799.6722,4871.2871,6166.1847,6400.0183,9055.4893,1537.0162,2466.9439,7198.9678,241.2969,65.8198,2612.2873,0.7659,38.2238,574.1708,1773.7749,249.6017,315.0155,6923.3026,0.6689,3143.1317,180.7414,7758.8641,20.7089,65.8357,3553.443,27.176,532381.9393,450.9905,650.4109,216.9653
12/30/16,2110.0494,2810.1232,2502.1967,1972.1032,2823.5621,5076.5355,6428.226,6477.0751,9233.7862,1619.7808,2558.9699,7513.7626,272.6928,63.124,2604.7506,0.8061,38.6981,621.703,1823.4503,250.8151,310.9877,6965.128,0.6814,3172.8405,190.3507,8142.0283,20.6937,63.1174,3325.7986,27.7314,544867.1712,487.6738,625.6679,220.6212
1/31/17,2286.7992,2931.449,2596.4073,2033.5767,2928.4761,5279.985,6514.8645,6758.7602,9408.9172,1629.3418,2603.068,7943.1069,265.3544,67.4079,2726.8968,0.8105,40.8259,685.2833,1830.6217,258.6411,326.3974,7118.7987,0.7387,3513.8888,196.1599,8503.7609,21.7333,67.4428,3583.4202,28.8685,564032.5802,500.0236,641.2622,219.8574
2/28/17,2345.2824,3054.0401,2556.0102,2042.5109,2960.2786,5361.6329,6717.4891,7023.0588,9782.501,1634.9757,2695.7742,7936.098,264.5166,69.7934,2810.1518,0.8292,40.3692,722.4082,1865.8777,263.2768,341.6408,7358.0588,0.756,3668.6779,199.6054,8459.8298,22.9139,69.8508,3655.4226,28.9979,595461.6328,502.6158,653.7051,216.8347
3/31/17,2399.1156,3150.3445,2568.0179,2128.8836,2927.3814,5465.3818,6858.0024,7133.3178,9793.8226,1735.5479,2845.8883,8158.6972,289.1079,71.2794,3024.8507,0.8675,40.9911,733.7944,1868.3193,271.6765,347.6178,8079.739,0.7957,3503.8601,199.9602,8557.0608,24.301,71.4026,3771.9909,30.196,606944.838,558.629,688.4428,216.5127
4/28/17,2406.5306,3122.0558,2514.5496,2189.3019,2958.024,5624.3246,7033.5304,7300.6696,9894.4154,1823.8735,2949.1185,8492.3543,294.7632,73.1753,2996.3359,0.8965,43.2957,817.2369,1888.8073,282.1837,354.7576,8151.8895,0.8041,3504.0123,211.0175,9209.6091,24.7641,73.3457,3887.9031,30.2011,675839.8305,583.0855,688.1012,214.7537
5/31/17,2495.8998,3003.9334,2509.5063,2261.5543,3045.2901,5908.581,7413.1233,7498.1516,10033.6498,1895.6193,3078.6596,8723.5583,307.7032,76.9127,3018.0364,0.9204,44.4656,818.2529,1850.3816,285.6064,363.3406,8185.5655,0.8676,3328.788,215.7038,9773.9081,25.1798,77.2028,4017.5867,30.5954,698159.0358,610.0911,686.0502,215.9228
6/30/17,2524.7103,3098.5059,2587.6789,2234.1489,3074.2792,5897.9488,7306.2944,7433.3762,10096.1787,1866.4124,3029.1026,8794.7734,311.0101,78.1699,2979.125,0.9438,43.987,834.3217,1914.3127,285.2403,375.1366,8670.3412,0.8769,3272.3589,207.9067,9852.1366,24.9873,78.5704,4043.0022,30.9763,726307.0353,600.3327,706.1307,239.312
7/31/17,2658.3893,3231.7101,2690.7658,2274.9128,3136.3069,5948.4964,7500.7249,7687.8246,10303.7784,1917.9466,3235.3539,8865.3157,334.0363,84.7411,3243.0399,0.9457,44.9534,890.3935,1928.5182,285.9879,379.99,9038.8415,0.9017,3631.0973,220.6046,10288.2667,26.8953,85.2045,4192.6996,31.7734,768537.1711,628.3602,704.6343,225.6279
8/31/17,2639.6334,3235.1251,2695.1808,2280.4399,3133.7814,5897.1149,7533.1068,7798.1294,10335.3197,1938.1566,3215.1336,9000.5623,340.1551,88.1312,3419.1992,0.942,43.9419,948.0261,1903.9819,289.23,383.6954,9127.6041,0.8842,3861.4843,229.6915,10622.0731,26.6807,88.7487,4265.3477,33.2477,802529.7209,620.02,724.9734,231.6914
9/29/17,2605.8322,3206.6266,2795.9555,2407.0328,3173.6608,6010.7362,7791.8749,7884.3324,10548.4314,2019.9354,3292.4822,9275.1981,352.5181,88.8961,3483.8993,0.9338,45.2536,910.8566,2022.787,290.8738,370.5647,8800.3731,0.9013,4025.1568,214.8332,10583.9328,25.7063,89.3877,4249.2536,34.2683,726434.2501,625.1098,755.5924,231.7211
10/31/17,2733.4895,3252.2309,2791.0757,2443.8961,3319.5944,5909.5498,7860.6816,8169.4658,10794.5658,2049.3276,3320.3476,9242.6129,347.5918,92.4219,3657.7935,0.9349,45.7317,942.5895,2040.0105,290.1501,394.0726,8136.5575,0.9781,3893.0673,220.7244,10735.3256,27.6615,92.8554,4266.1683,35.0596,728878.7355,624.931,812.2921,221.7658
11/30/17,2836.3905,3268.2799,2809.3014,2473.181,3418.2745,6035.6326,7920.0618,8361.0738,11125.6497,2053.4629,3292.6913,8931.6092,349.2948,93.8541,3229.2521,0.9299,45.9181,929.7401,2098.7476,295.1406,380.991,8098.6335,0.9777,3772.3814,239.4555,10558.9537,27.3814,94.3707,4409.4013,35.7376,667227.5926,621.0656,955.1001,225.8376
12/29/17,2865.4962,3435.1142,2918.9051,2473.8825,3438.3242,6117.7009,8324.927,8402.4174,11248.4668,2046.4941,3316.3487,8906.5991,343.9414,95.6408,3739.6932,1.0095,48.2146,966.6435,2090.1795,312.6124,385.4979,8094.6668,1.008,3949.9319,261.426,10805.4653,28.748,96.2326,4532.2327,37.4828,760248.0603,613.3472,1028.6686,230.2402
1/31/18,3043.8531,3521.4325,2946.9226,2620.4276,3595.7445,6379.3244,8585.9828,9024.3516,11892.241,2189.9522,3526.6475,9452.1981,383.3778,107.5817,4013.0266,1.0419,47.6186,1046.783,2144.7548,337.879,414.7853,8730.7652,1.0432,4615.3561,268.6223,11142.711,29.7088,108.2896,4739.8298,40.6052,794975.1446,667.486,1135.4629,246.4562
2/28/18,2988.4269,3427.3157,2731.6425,2426.5194,3540.4481,5974.1121,8111.1483,8868.121,11453.8959,2083.3741,3343.9432,8943.0199,360.7161,100.6883,3862.2037,1.0084,45.4474,948.7301,2061.959,332.8591,402.247,8107.0457,0.9767,4525.2933,268.7037,10836.4492,27.7409,101.3888,4587.2421,41.4779,782101.4423,614.0012,1135.1245,239.8608
3/30/18,2946.9385,3249.8929,2707.6075,2380.8254,3438.9106,5823.6711,8128.6637,8620.2976,11162.7476,2050.7466,3342.751,8617.4743,361.7776,97.3743,3800.847,0.9418,42.6898,887.0651,2088.6115,341.0769,407.4331,8168.8998,1.0063,4442.501,251.0066,10558.24,26.7917,98.2656,4467.0411,40.9545,724133.0017,601.9355,1214.9969,259.4707
4/30/18,3130.2315,3322.2478,2774.9926,2414.8615,3461.7976,5763.3544,8560.3935,8627.1755,11205.5654,2142.18,3363.1164,8451.538,381.1651,97.3303,3868.1767,0.897,42.38,898.866,2106.6711,337.6574,388.81,8350.4394,1.0273,4265.8076,248.8863,10311.3109,27.9022,98.2203,4615.3634,40.7443,644311.1428,615.7783,1105.3972,269.266
5/31/18,2940.003,3379.8886,2830.6947,2301.8807,3425.3762,5550.8515,8555.8282,9101.5383,11475.3655,2037.6219,3238.7487,8248.0929,333.4993,98.7972,3562.6194,0.8885,40.2361,803.8723,2234.5454,310.0576,388.1757,7212.5872,0.9716,3567.7098,231.2904,10040.7573,26.8839,99.662,4642.3393,38.6695,562962.1038,558.6989,1002.4458,275.6944
6/29/18,2725.8333,3426.7144,2838.1108,2246.5038,3335.3863,5602.9777,8508.9501,9190.3553,11545.9119,2012.097,3239.8063,8208.2042,330.665,93.2774,3383.6292,0.8279,38.0237,783.489,2250.524,302.0968,377.9263,7882.4937,0.9114,3271.2182,220.863,9792.8426,26.6131,94.1419,4414.1163,34.8503,535556.9768,571.9485,1012.3982,279.5461
7/31/18,2772.55,3501.662,2907.5432,2343.144,3348.4905,5968.4604,8589.8948,9391.9182,11975.5982,2084.749,3371.7374,8654.0555,340.5406,90.446,3535.4531,0.8487,40.9448,875.6774,2289.6738,317.3434,391.5478,8564.7256,0.9019,3658.4041,232.9373,10355.5181,28.3842,91.3252,4485.2307,37.5762,498476.7827,592.8764,1016.0494,279.4308
8/31/18,2720.057,3428.1603,2865.7495,2272.142,3354.8568,6005.8032,8329.2252,9941.7599,12365.8009,2043.5034,3286.6393,8530.6611,308.2303,86.9314,3222.4724,0.848,41.8079,872.8557,2388.2949,317.5868,393.5373,8297.6329,0.9099,3245.5068,209.085,10370.0764,28.6281,87.7936,4384.0685,38.234,355745.9125,557.8249,1020.7946,266.2652
9/28/18,2783.2541,3409.82,2864.2807,2233.5076,3433.04,6007.2582,8482.592,9871.7644,12436.0929,2067.0975,3172.54,8784.2157,314.8308,85.5156,3318.283,0.8405,38.4643,870.7575,2330.8469,312.9898,394.4126,8430.1183,0.9167,3473.1371,205.4368,9993.8749,25.9781,86.1808,4372.45,39.5612,420973.7357,557.6183,1041.3361,264.6455
10/31/18,2542.2702,3145.184,2641.741,2044.9183,3142.1203,5770.3461,7938.3887,8967.2892,11586.0577,1872.6209,2925.4046,7900.4352,285.3175,75.6866,3041.9957,0.8144,38.1371,782.2035,2077.679,293.0273,347.8876,6964.9046,0.784,4092.4201,183.2316,9015.6991,24.1476,76.4061,3886.0458,36.699,417292.8369,519.1489,938.988,267.8208
11/30/18,2619.0747,3178.4783,2650.2731,2003.2646,3153.6882,5784.1398,7861.1988,9011.7241,11822.1283,1838.6868,3002.9934,7779.5305,287.2106,81.2257,3143.4277,0.9133,39.889,843.336,2110.5055,290.4062,345.3094,6630.6789,0.8122,4012.5572,198.6369,9323.8298,26.6762,81.8864,4173.5527,36.4883,472700.3156,528.446,965.0785,259.2983
12/31/18,2597.3594,3081.4696,2429.8758,1887.8705,2938.6431,5470.3138,7579.7127,8165.8538,10754.1332,1752.1811,2818.6741,7526.3352,277.3339,76.3005,3032.4706,0.9141,40.5399,844.2733,1859.6863,294.6837,340.4946,6847.5273,0.8008,3947.8413,198.1394,9009.4895,26.7058,76.928,4173.2539,35.5097,450070.5989,507.4944,917.18,265.0409
1/31/19,2744.6226,3297.9911,2747.6571,2009.2126,3117.6789,5807.9274,8136.9189,8964.9523,11615.9089,1854.1796,3023.1899,7958.7015,300.2904,84.7351,3405.8554,1.0058,43.9603,888.2813,2068.8383,298.8372,346.3505,7517.0424,0.8817,4649.3614,221.6725,9318.5886,26.202,85.5234,4498.7039,38.9477,526596.3074,540.1206,953.3972,292.5336
2/28/19,2740.4356,3422.8091,2824.7427,2042.9392,3115.4894,6051.9197,8507.3402,9287.4789,11988.8719,1930.9283,3162.7362,8092.3558,310.5789,87.6572,3309.6704,0.9506,42.6956,857.4967,2176.2006,304.4005,362.8045,7202.5146,0.8647,4442.8414,210.4075,9856.0013,26.2608,88.4937,4762.0073,38.6891,509391.4697,551.2891,1034.9841,291.4861
3/29/19,2757.6447,3453.7362,2807.1888,2009.2389,3104.9265,6159.3444,8660.044,9538.2285,12221.7597,1936.8878,3196.1898,8005.7526,316.9194,89.7887,3165.5503,0.9615,43.6051,839.7882,2130.6366,295.8523,371.0882,7225.7428,0.8375,4272.4988,207.112,10077.1066,28.5463,90.6545,4825.3402,38.1281,436113.7376,542.1668,1035.4861,302.4349
4/30/19,2935.2549,3504.9272,2893.729,2140.5763,3147.7865,6217.8953,8897.6539,9993.7073,12716.6098,2019.9741,3350.2311,8407.995,322.4883,91.7706,3106.9072,0.9746,44.6971,853.3639,2203.0152,292.6444,385.8036,7602.4858,0.8453,4240.7946,223.8883,10022.6403,28.7102,92.6246,4880.229,38.9742,418639.8606,562.1983,1034.501,321.0429
5/31/19,2678.1687,3535.5272,2778.8626,1971.6088,3022.0939,6172.4471,8440.6217,9215.8109,11908.4836,1877.9384,3131.8457,7594.4372,292.9302,79.4083,2840.0558,0.9444,44.7701,817.4532,2031.6812,291.3897,355.7827,7065.8136,0.7648,4313.951,207.2498,9667.2115,28.8309,80.1741,4554.501,38.2007,415185.3606,528.242,1016.6362,290.993
6/28/19,2949.9996,3718.6363,2948.5997,2114.5142,3131.1034,6605.8033,8893.9156,9907.7976,12747.6751,2031.3719,3336.3487,8323.7113,321.0786,85.2537,3004.7488,0.9977,45.7493,869.2417,2175.238,298.8298,370.8414,7314.6888,0.8294,4580.4663,221.0763,10216.6385,28.7516,85.8192,4875.247,41.7319,447281.0045,552.8927,1000.7761,300.0231
7/31/19,2921.9365,3739.1427,2932.4739,2040.8607,3135.2483,6561.294,8739.5317,10121.35,12930.8938,1981.7009,3362.9232,7939.237,315.9813,84.5065,2855.062,1.0113,46.0848,833.8732,2187.697,293.2727,376.9017,7035.0762,0.7806,4698.1057,215.0877,9947.7429,27.1776,85.1956,4711.7525,40.6957,499720.2809,529.5717,1037.7033,296.078
8/30/19,2745.1025,3589.3892,2899.3171,1980.6316,3102.4449,6579.0518,8454.001,9872.6004,12726.0676,1947.953,3309.3883,7599.8234,311.5686,80.8957,2671.8074,0.975,44.4485,758.6871,2079.6505,281.0952,366.6602,7006.9462,0.7424,4265.3643,195.8282,10165.7993,26.3761,81.7809,4318.4435,39.6297,443616.7586,511.1687,1026.8666,270.5719
9/30/19,2781.0216,3691.807,2965.9711,2029.2259,3201.1957,6620.0658,8817.405,9925.8156,12964.103,1994.1704,3394.4066,7917.7234,319.7015,80.7176,2786.0014,0.9472,43.6811,769.1834,2122.919,280.1725,381.1973,7191.0287,0.7931,4372.6789,193.6362,10087.5186,27.3068,81.6142,4292.6534,39.29,499177.5137,531.9543,1038.9055,270.041
10/31/19,2931.9288,3753.6631,2960.8388,2149.2707,3356.3706,6741.6813,9103.525,10294.2063,13244.8704,2066.198,3430.2998,8456.4472,334.3427,83.9636,2591.4349,0.9698,45.6593,813.7661,2178.8289,283.4533,412.1564,7443.8992,0.8267,4650.4937,199.8089,10471.3165,28.3525,84.7902,4494.6138,38.7132,457894.2956,541.5644,1035.7267,258.4043
11/29/19,2894.8313,3800.7389,3034.5698,2188.1195,3374.8797,6824.6708,9320.9169,10772.8948,13725.658,2100.6004,3506.6035,8512.747,335.9955,85.4516,2292.8285,0.9445,44.2151,778.4151,2268.248,277.6651,418.4757,7293.6743,0.8193,4446.5941,200.0112,10893.6576,28.2351,86.2111,4429.2534,38.6211,490237.3043,539.1908,1015.5279,262.122
12/31/19,2988.7571,3856.4048,3114.8874,2229.9999,3440.8457,7125.4556,9816.5366,11165.3171,14138.9271,2161.5954,3637.0802,8939.2683,345.1706,92.5407,2541.8323,1.0101,44.7977,798.788,2333.6298,288.9087,448.5586,7638.9143,0.9033,5000.5843,219.4966,11394.4374,28.7392,93.0029,4608.1153,38.9708,499951.6528,560.7404,988.1382,277.7981
1/31/20,2885.1629,3864.3329,3103.2932,2161.5727,3393.8472,7181.5581,9451.1093,11391.802,14132.7149,2086.3549,3528.9385,8702.7857,336.8894,88.0805,2347.7014,0.9756,41.2007,753.8933,2258.728,277.7126,427.4959,7743.4865,0.8518,4627.1393,200.3185,11592.3795,28.3684,88.3935,4400.8887,35.5909,507602.5092,545.5467,956.0688,268.0815
2/28/20,2682.6774,3468.9523,2877.679,1957.7728,3082.2468,6611.5193,8366.7541,10683.6992,12969.2903,1901.2269,3246.3291,8156.3826,314.3013,88.937,2059.7408,0.8668,38.8213,635.5868,2068.462,259.915,419.4157,6967.7792,0.7991,4026.7044,174.0868,10875.0551,26.273,89.4279,4339.028,31.3261,432708.1621,505.6659,891.8296,245.7309
3/31/20,2146.0551,2580.7661,2260.8738,1624.4438,2833.4162,6268.831,7062.901,9612.4055,11367.3429,1562.1349,2883.1398,7027.0854,243.4851,83.0686,1694.0885,0.6157,30.5687,508.1518,1619.0147,233.7276,361.9673,4930.3059,0.7011,2489.9715,131.4517,10409.4142,19.8239,83.4116,3808.2031,25.9095,349195.8574,393.7142,694.8571,210.7461
4/30/20,2322.4907,2973.9459,2541.4579,1776.381,2986.3594,6526.3443,7481.5653,11101.2554,12824.5668,1629.9411,3117.9281,7573.9802,247.8575,88.3028,1967.8859,0.6792,33.2652,553.4514,1841.4072,246.4153,412.9985,5143.6389,0.7627,2624.8029,147.4698,11270.1195,22.9009,88.6352,4085.7683,29.8989,365674.8847,398.2338,797.2982,233.6322
5/29/20,2252.1941,3123.4718,2624.7939,1917.2689,3162.9846,6696.666,7603.1582,11866.7459,13435.3998,1703.7164,3339.8678,8141.4041,261.0602,87.622,1861.2604,0.7073,33.9192,599.2913,1961.2361,258.0287,402.588,5475.2606,0.7769,2848.5328,151.7249,12103.9022,22.3187,88.0957,3743.5396,31.3293,387142.2257,415.389,904.937,242.0571
6/30/20,2353.228,3342.5382,2721.1441,2026.5451,3158.4399,6901.4501,7726.7933,12587.1561,13702.5143,1802.7848,3577.0613,8411.2651,280.8749,95.0198,1975.3821,0.7539,36.6887,614.5463,2030.5583,265.2196,437.4368,5470.665,0.8406,3059.2913,166.977,12363.1554,23.8131,95.3823,4157.4498,32.0224,415636.3011,433.5034,864.7898,240.306
7/31/20,2350.2092,3477.4083,2885.3957,2124.954,3108.3963,7182.0778,7858.465,13449.8953,14475.0881,1847.4116,3730.7977,9223.6945,290.5615,103.549,2186.0302,0.79,35.6578,652.947,2086.7614,287.2129,503.0393,5628.4698,0.8973,3494.9984,177.0149,13503.5484,26.2902,103.7837,4126.7063,31.0082,380551.1096,434.8436,846.6998,244.1135
8/31/20,2401.2728,3692.6338,3040.6725,2258.0135,3344.3523,7361.5925,8215.9571,14754.4512,15515.5947,1935.6065,3820.8524,9705.7863,301.0003,109.3523,1972.8807,0.8141,36.0559,679.8906,2204.3367,276.7268,492.4128,5661.803,0.9188,3184.3075,174.9258,14058.3728,27.3453,109.3595,4451.3215,30.4591,349716.4499,441.9956,911.8092,256.4993
9/30/20,2328.6971,3450.0229,2892.794,2188.9047,3352.9486,7248.708,7816.8585,14000.9873,14925.9732,1845.2983,3774.1253,9633.7161,283.7992,106.245,1892.8751,0.7116,35.7038,609.747,2130.7022,272.0947,501.2654,5724.0749,0.948,2959.1029,173.1913,14233.9868,27.5078,106.1388,4222.1938,27.5927,350741.6212,417.4347,936.1785,262.0707
10/30/20,2264.0705,3447.3365,2798.1174,1962.6498,3298.8756,6845.6248,7442.9462,13684.9185,14529.0347,1756.8922,3679.1797,9170.8747,264.2228,111.8478,1890.061,0.7701,38.4121,511.5792,2175.3262,268.0118,507.7964,5857.8279,0.9506,2884.21,173.912,13842.7177,27.5782,111.598,4173.7927,26.8632,306985.0632,400.2302,998.3039,255.491
11/30/20,2696.6866,3995.1916,3185.191,2299.2931,3710.246,7475.2341,8731.4369,15314.9899,16119.4101,2159.6782,4192.4121,10659.1434,334.947,114.9342,2165.8306,0.884,41.4384,655.9334,2576.0446,287.6822,558.7071,7044.8856,1.1226,3568.7254,193.1988,15166.3634,30.1844,114.4266,4639.4133,33.5172,380086.7051,518.3068,1050.9228,280.388
12/31/20,2768.4741,4231.5143,3300.0237,2437.9017,3859.3426,7838.9523,9232.8612,16195.1402,16738.6192,2219.0134,4458.7892,10986.3507,347.2293,118.0971,2435.5328,0.9378,43.6563,710.2569,2798.8163,299.6433,616.2507,7505.7351,1.3205,4056.0475,211.9578,16220.3514,33.2411,117.4068,4874.9436,34.5157,457174.7884,532.9531,1131.4598,279.1073
1/29/21,2789.9643,4229.3583,3266.0959,2393.2174,3820.5362,7678.1309,9215.2578,16428.7272,16568.2632,2148.7147,4568.2442,11230.9245,332.5901,126.7918,2436.3914,0.9107,40.1917,696.9931,2939.6532,287.3404,656.4285,7187.9584,1.3338,3738.768,215.3569,15612.7487,32.4977,125.923,4972.2115,34.5653,441981.6335,509.1503,1095.0863,279.5625
2/26/21,2862.8714,4354.3758,3448.9285,2437.1711,3876.9799,7500.1021,9602.6501,16594.7956,17025.1451,2255.7574,4739.429,11536.6646,351.549,125.4725,2630.3374,0.9164,40.841,677.7591,3122.8417,287.5869,686.6197,7218.437,1.3285,3502.7817,223.5416,15575.0432,33.9849,124.7299,5206.2553,35.062,431775.594,535.7626,1181.5582,295.887
3/31/21,3012.7244,4410.1304,3621.2456,2536.8175,3890.4407,7644.321,9958.0654,16673.6077,17770.6294,2313.4325,4953.2208,12178.2414,368.1911,117.5825,2851.483,0.8644,39.127,657.3036,3154.0978,282.138,682.4513,7823.0382,1.3428,3653.3463,237.8001,15646.6499,34.9336,117.2122,5228.5687,36.0474,366030.4977,538.355,1183.206,325.0837
4/30/21,3110.4219,4619.4676,3782.5426,2605.7106,3831.149,7917.6947,10430.776,17579.6276,18719.0144,2451.9121,5200.4885,12601.5267,369.1804,119.1537,2592.3065,0.8671,38.9951,718.5624,3220.3308,292.3178,734.8569,8048.7361,1.3725,3889.291,237.8933,16715.9182,34.6721,118.5096,5390.4144,35.6549,371479.48,566.0187,1277.2933,345.0519
5/31/21,3107.2387,4785.0912,3989.5679,2668.104,3887.8164,8300.035,10901.7433,17326.111,18849.7025,2549.298,5304.4017,13082.9643,391.3446,119.8442,2514.949,0.8784,41.2844,816.5754,3226.9646,286.3291,726.0727,8704.0625,1.3863,4264.1213,254.0021,17380.7469,37.7146,118.9258,5461.1926,35.5478,377265.4946,597.8867,1320.0582,344.1408
6/30/21,3025.1216,4716.8563,3989.6711,2620.3868,3872.898,8467.4198,10669.6993,18287.6416,19289.6894,2495.8888,5286.2073,12772.6184,378.7002,119.4925,2468.7524,0.8216,42.0594,777.9174,3289.4807,275.3074,729.1153,8544.6859,1.3985,4491.4907,233.9107,17673.8604,37.3927,118.8346,5360.5331,34.3253,363151.0989,565.182,1383.7654,356.7539
7/30/21,3068.8538,4657.0871,3986.5517,2620.5831,3823.5642,8752.4767,10786.1343,18505.1951,19747.8808,2536.9412,5526.6856,13389.3552,380.5647,102.6384,2324.8765,0.8095,37.2007,790.269,3170.7009,264.1719,708.1372,8742.7786,1.3228,4217.1727,230.9682,18528.0333,37.79,102.1315,5205.6386,31.897,388299.7033,555.1081,1295.1345,358.6765
8/31/21,3033.7847,4743.0827,3995.6448,2655.551,3939.539,8859.2674,11033.9406,19262.1605,20348.3464,2553.2825,5896.782,13227.8616,385.5557,102.5822,2434.5883,0.8755,41.5486,834.1542,3241.5528,286.5545,735.845,9230.2966,1.3051,4122.5972,231.8022,19183.6143,41.9132,102.1057,5170.5039,35.6206,424312.73,563.9435,1309.4453,374.7334
9/30/21,3024.9579,4603.9296,3893.1407,2506.77,4020.7681,8187.0112,10849.5407,18247.6804,19401.6625,2447.5994,5454.6864,12492.3299,373.2456,97.306,2280.4479,0.9028,40.5832,789.8083,3145.9603,275.8473,703.6404,8669.7195,1.2173,3586.4147,220.7357,18114.8257,42.1474,96.9221,4855.4218,33.2759,370653.6864,546.796,1324.5768,384.8026
10/29/21,3153.3361,4791.4623,4191.174,2560.7947,3885.1901,8698.2674,11296.5145,19578.603,20760.7734,2556.6488,5803.6891,13125.8315,390.9871,100.3574,2139.6681,0.9742,41.9129,823.7408,3279.7866,282.8638,708.1389,8654.9784,1.1835,3262.431,220.1828,19335.0075,41.7821,99.7981,4920.2239,33.9299,373293.2838,566.4424,1404.9981,393.3309
11/30/21,2926.6453,4494.5782,3987.2984,2393.7185,3788.3355,8571.0444,10739.7543,19645.5909,20616.4806,2446.6778,5458.6251,12332.2137,364.579,94.3418,2272.0147,0.9502,43.1029,733.0277,3142.4324,269.4818,723.7272,8151.8217,1.1391,3215.4911,212.3511,18165.5081,40.5798,93.8971,4658.0627,32.0316,316585.0495,505.6103,1384.3249,362.9819
12/31/21,2927.3902,4722.3359,4177.8049,2527.2659,3856.0564,9237.3106,11547.7017,19792.5867,21539.0401,2618.8953,5621.2795,13190.7736,391.2686,91.3541,2077.4429,0.962,42.093,768.5049,3212.602,281.3568,761.8261,9221.7632,1.2109,3361.9986,221.1666,19149.4112,42.0064,90.8851,4682.3618,34.2061,331062.3852,537.7592,1393.8435,381.5824
1/31/22,2896.6307,4314.9116,4142.9767,2433.955,3660.1787,8516.3937,11660.1447,18019.4146,20424.4251,2517.3528,4967.4749,11852.1858,380.2721,88.6564,2338.6774,0.9697,43.7211,750.9913,2903.2909,270.9854,746.7587,8738.0326,1.0841,3800.2921,237.0491,16981.6909,41.5376,88.2601,4730.4728,34.2438,347400.247,529.3476,1325.9969,417.1118
2/28/22,2864.3536,4575.5639,4151.1741,2261.7542,3617.8861,8475.9325,11823.7173,17416.6096,19812.3015,2405.0039,4722.2543,10893.3091,361.8645,85.1987,2422.5138,1.0221,43.9038,658.5841,2934.2287,285.9871,727.7441,9169.6596,1.0949,3979.041,247.0158,17205.1491,39.7711,84.8019,4597.9934,36.0349,344041.8834,521.0872,1296.1975,429.5027
3/31/22,2873.8665,5082.9031,4373.67,2197.4672,3567.2803,8602.9587,11960.0195,18023.1542,20547.9032,2387.8658,4642.6427,11084.3133,351.1188,78.3774,2699.6091,1.0574,43.1147,692.1955,2970.617,285.7809,710.316,10020.828,1.0936,4570.9898,265.6702,17766.0338,41.2612,78.2347,4597.099,35.562,373079.1762,515.4254,1281.9263,447.8544
4/29/22,2659.5929,4778.0237,4055.7429,2010.0773,3253.1426,8139.8487,11561.3481,15637.028,18756.119,2227.747,4151.7088,10195.0725,324.5768,75.1535,2397.2472,1.095,39.5677,565.6086,2676.2014,279.7358,640.4793,8915.167,1.0217,3944.9793,233.2453,17180.3387,40.5949,75.6917,4367.9602,33.8891,396686.6058,499.1633,1193.0224,474.214
5/31/22,2590.736,4758.6974,4115.3488,2035.2015,3304.5479,7859.7047,11812.5425,15335.7583,18790.7491,2242.4995,4155.0366,10093.5647,333.285,75.843,2843.3035,1.064,40.1696,583.9298,2680.0495,272.0872,663.6665,9434.0945,1.0427,4277.564,235.0975,16505.3224,38.3176,76.4589,4489.3532,34.6874,369708.1338,523.4293,1115.5963,440.1563
6/30/22,2399.1642,4200.8034,3689.1483,1760.2699,3039.3958,7303.7374,10832.4036,14009.1782,17239.084,2005.7128,3716.1637,8643.3892,284.9477,80.2648,2315.6983,0.9618,34.8068,509.9706,2459.6066,249.8088,562.7257,8510.5588,0.8739,3458.7993,206.7368,15628.1116,35.7631,80.9714,4545.7544,31.8725,332765.5972,469.3387,1032.5246,391.8889
7/29/22,2539.383,4453.1298,3871.2563,1801.6133,3212.364,7646.922,11253.7026,15744.5135,18828.6477,2132.2421,4103.0999,9622.4026,291.3495,72.2858,2601.7598,0.9924,35.1981,506.965,2716.3957,255.7069,572.2996,8505.9483,0.9121,3650.1153,206.0689,16878.0816,39.0305,73.0294,4381.1459,31.1567,328663.7136,462.2605,1019.7177,416.2022
8/31/22,2491.0698,4417.7148,3714.796,1686.8313,3129.4109,7229.6222,10749.9425,15031.4637,18060.7662,1996.9043,3672.4376,8656.581,277.8177,72.3937,2673.8221,1.0459,36.4667,441.2829,2660.81,256.4922,563.1152,8084.7479,0.8835,3888.8551,196.8779,15544.4255,40.624,73.3877,4227.0507,32.8975,403122.5615,442.7336,1073.2296,422.7385
9/30/22,2358.9916,3930.2224,3400.546,1538.6648,2780.3205,6748.4054,9818.0429,13461.7457,16396.9384,1824.397,3303.7303,7877.2398,259.7234,61.7518,2391.1768,1.0376,30.0317,381.7434,2406.0571,232.0127,472.7923,8051.8195,0.7217,3760.1043,179.6576,13688.7301,38.1418,62.9585,3774.1476,30.8407,387370.7923,403.444,953.5214,390.9185
10/31/22,2359.5222,4137.2327,3624.4549,1682.4986,2862.6494,6956.6049,10423.0989,13991.9537,17724.4898,1997.181,3493.1609,8409.0603,289.1079,51.3564,2461.0949,1.0395,32.7721,444.796,2670.938,238.8182,448.6072,9167.8353,0.7833,4084.4088,186.4122,15016.0752,39.1294,52.6227,3314.8198,31.2894,475929.6235,440.4304,853.0052,403.2471
11/30/22,2632.0312,4659.0043,3844.5145,1917.5163,3138.6235,7503.9873,11604.6797,14623.3655,18715.0079,2232.064,4093.9416,9326.7799,327.0228,66.568,2611.519,1.0518,37.0442,528.845,2732.7365,260.1059,548.2563,9724.2705,0.9031,3968.4733,223.1878,16838.2656,41.1711,67.5147,4125.3474,34.5951,582366.3227,482.4276,886.8364,374.4389
12/30/22,2610.6341,4582.5541,3657.1407,1918.5506,3142.7111,7451.2357,11577.5192,13357.3619,17634.8763,2223.9673,3988.7395,9287.25,326.9337,70.0057,2561.0955,1.0062,36.4783,568.715,2555.287,264.5612,517.3959,9070.0548,0.8606,3854.4749,213.7773,18003.112,38.959,70.7269,4463.2394,35.9007,630855.3132,493.2368,809.0175,361.6152
1/31/23,2801.7711,5046.733,3987.8233,2156.5867,3337.8038,7906.5195,12340.867,14789.9401,18742.853,2472.089,4572.633,9976.1679,368.7789,78.2494,2828.5852,1.0331,38.4527,604.4973,2804.3403,272.3283,582.9384,10613.5178,0.9649,4123.7636,224.0717,18299.5749,37.8701,79.0311,4630.8991,37.4717,579056.3789,548.6297,892.2635,369.6524
2/28/23,2656.8027,4728.9096,3815.1745,2111.2703,3208.6934,7638.2248,12447.6329,14641.3602,18284.1771,2469.2198,4424.9505,10194.5817,370.9833,70.131,2713.497,1.0253,36.4944,577.158,2756.8715,252.5646,576.3452,10596.8494,0.9014,3744.3107,206.3419,18780.5879,36.0918,71.2308,4302.6214,33.99,612367.2414,563.2872,801.9228,342.4427
3/31/23,2790.506,4714.1601,3819.8889,2195.5309,3303.4525,7907.9024,12484.0293,15634.47,18955.1303,2544.8187,4645.4881,10108.4641,373.5722,73.2905,2711.3737,1.0688,37.4906,561.2855,2625.0106,255.0202,592.4282,10919.6188,0.9408,3735.4019,213.3304,20110.9746,36.5233,74.2924,4354.4587,35.4204,576320.46,570.4966,843.3857,362.2496
4/28/23,2772.8296,4728.8574,3935.2891,2261.7976,3315.4231,8354.0109,13196.8357,15644.8411,19250.9955,2653.8293,4557.1418,10460.6626,386.8674,69.4789,2659.7045,1.1386,37.8269,634.9836,2577.8041,251.7007,566.9547,11201.5276,0.9337,3863.9966,215.4576,20925.5543,38.0708,70.522,4379.3958,34.1775,547835.7497,582.8943,819.8511,385.2471
5/31/23,2589.3458,4502.2984,3720.7837,2102.4086,3375.8209,7956.7292,12386.2802,16572.0831,19334.7112,2432.638,4589.6279,9552.5002,358.6971,63.4578,2609.4811,1.1026,36.1621,610.2254,2553.7662,238.366,608.5714,10921.479,0.9785,3889.5353,185.8581,20055.7897,39.1649,64.5789,3996.6563,33.1629,538667.2024,549.5574,824.7412,372.1149
6/30/23,2638.6594,4746.8819,3966.01,2211.873,3510.5212,8162.7612,12910.5144,17675.015,20612.229,2588.36,4800.6792,9906.5945,397.8777,65.5944,2822.8804,1.1051,36.9542,698.2401,2761.2775,233.8035,612.1971,11548.0043,0.9845,4514.2985,204.1358,20439.0621,41.0042,67.0312,4134.0428,32.6013,516838.9915,596.7392,874.7313,384.5359
7/31/23,2880.0114,4917.4796,4096.3588,2279.0887,3616.1927,8456.4706,13377.5158,18395.4376,21274.397,2642.716,4929.3465,10057.5964,421.8241,72.1285,2990.2864,1.1159,38.3419,758.4977,2930.1269,256.5689,613.3594,12084.4263,1.0468,4735.6187,228.362,20575.6282,42.246,73.2173,4251.6402,35.1986,615871.4129,609.2134,965.1871,392.1103
8/31/23,2634.6193,4722.7998,3926.2522,2168.8334,3527.6272,8156.8999,12989.1691,18017.7931,20935.6729,2540.2773,4485.2926,9364.0002,405.4205,65.6351,2708.6869,1.1012,34.682,689.0201,2783.431,248.5506,584.1754,11543.0297,0.966,4345.6787,201.1664,21476.731,41.5134,67.1067,3884.9092,34.1319,661896.2368,591.1295,971.176,382.6997
9/29/23,2625.7174,4596.4348,3811.0147,2040.766,3427.9135,7720.3309,12901.321,16979.0595,19937.4925,2404.1844,4127.1005,9346.9352,388.8283,63.7226,2550.0313,1.0625,35.6609,612.5019,2619.4705,244.1755,560.8893,10805.0767,0.9147,4356.537,193.5367,20862.1222,42.1541,65.0979,3676.1206,30.8894,685127.7146,573.6274,887.4082,366.4316
10/31/23,2506.5964,4373.8312,3597.4862,1949.9839,3273.306,7365.0161,12378.6286,16511.1816,19518.2904,2313.0777,4075.0976,8774.6051,384.0464,60.9977,2318.6946,0.9733,33.6186,713.4399,2440.7767,243.8835,551.5786,10140.5826,0.8545,4194.2308,191.3838,20923.3091,40.9299,62.3473,3599.4964,29.9001,596167.2032,547.6005,767.8532,355.8825
11/30/23,2555.7452,4790.286,3973.1974,2209.5733,3552.1122,8044.0116,13296.6217,18300.1893,21300.8174,2532.9842,4614.5193,10086.2118,423.1308,62.5102,2569.4406,1.0386,36.3789,781.0902,2661.1427,251.092,624.1841,11724.3042,0.986,4794.2802,206.348,22557.2419,43.694,63.522,3611.0534,30.3728,642920.2543,629.8004,850.8759,372.8287
12/29/23,2745.5739,5328.3589,4244.164,2306.8801,3703.1982,8502.0034,13924.0115,19328.3828,22265.9851,2648.2208,4938.1164,11308.705,436.2843,60.9197,2723.7264,1.0879,38.0146,847.8737,2986.6197,255.5785,657.368,12837.4736,1.0614,5143.57,219.1616,23400.357,47.2329,61.866,3799.8689,32.1847,601889.5673,640.7024,882.0043,400.7758
1/31/24,2621.9182,5223.6996,4212.9761,2284.8305,3874.0039,8475.5232,13748.9633,19530.2347,22639.9115,2647.5882,5237.5787,10839.4894,436.1917,54.4467,2424.6966,1.0695,38.4987,818.7027,2870.4471,254.4555,649.0656,12599.3283,0.9585,4840.8329,205.6519,24573.898,48.4071,55.4046,3431.2909,29.7297,663991.803,631.2903,880.7242,395.7668
2/29/24,2644.5929,5203.2818,4242.2733,2373.6212,3989.0464,8289.0705,13844.1122,20745.1662,23848.7718,2717.47,5498.4252,11365.5753,461.5266,59.0168,2560.122,1.1028,40.5262,869.5949,3032.6447,260.5243,684.446,12245.0703,1.0233,4853.2924,194.4925,25452.1378,49.7358,60.1653,3588.9231,29.8947,684713.088,623.115,942.6767,421.9018
3/29/24,2750.2587,5382.418,4417.9648,2464.536,4079.3254,8350.0235,14588.8019,21128.8521,24616.0733,2799.8773,5696.4824,11359.423,494.405,59.5566,2614.8763,1.1139,40.4203,876.5392,3141.1758,263.4735,737.0042,12906.0235,1.0823,4766.7988,204.0249,26790.7913,50.1497,60.7808,3357.2983,29.7368,689608.1335,691.7638,966.4917,412.5767
4/30/24,2858.66,5179.5901,4269.832,2361.0657,3880.6321,7909.7067,14922.5439,20203.3742,23610.6526,2709.0087,5443.9276,11043.7363,475.144,63.4322,2596.4046,1.0194,38.1463,887.6292,2920.0915,267.2434,719.6941,12427.2526,1.0168,4573.7163,210.4854,26657.4591,51.2722,64.6898,3530.6852,29.1789,788532.5098,670.4032,893.0268,406.9257
5/31/24,2968.4441,5371.5499,4416.8523,2429.7121,3930.2523,8529.6539,15580.3087,21614.1907,24781.3998,2761.7956,5753.6084,11776.1457,494.5077,64.7741,2751.5851,0.9561,35.8311,921.0139,3066.7057,274.9881,757.8575,12125.5079,0.9823,4344.5889,210.0594,27922.4898,51.6975,66.0907,3619.1912,28.7825,839777.7164,708.9684,929.1128,376.2666
6/28/24,2992.8918,5484.0076,4329.6378,2385.489,3898.5902,8532.0868,15373.7549,22918.1796,25670.5265,2550.2227,5932.0535,11544.8632,469.5416,63.1317,2602.26,0.9805,36.2865,933.7191,3038.2942,274.5963,845.4322,10849.3156,1.0669,4188.5701,229.8836,28784.1826,55.3349,64.3583,3385.6432,28.1752,840456.8425,674.8097,899.2129,383.9095
7/31/24,3082.4869,5580.0698,4542.7277,2431.2913,4124.4062,8942.5871,16026.9226,22751.4435,25983.0016,2608.7984,5632.6116,11614.2567,485.5593,61.7909,2590.0508,1.0156,37.7806,894.599,3346.9821,289.0562,803.7517,10934.0662,1.0682,4242.6354,241.3751,27585.1525,57.5638,62.9191,3400.1895,29.9173,827167.9912,695.1478,886.3391,399.4979
8/30/24,3247.1511,5805.7174,4728.0075,2546.5124,4144.4661,9368.6974,16730.6449,22918.7773,26613.2854,2707.8797,5722.1663,12146.274,509.3629,62.3702,2677.4088,1.1119,41.6469,914.9415,3296.9323,317.3303,829.7404,10363.8971,1.0387,4531.1914,249.0839,28619.6848,58.1563,63.2431,3600.0375,32.4167,744086.728,729.4032,907.4441,401.8941
9/30/24,3518.2912,6151.0356,4855.124,2641.3902,4088.9809,9253.1696,16804.5764,23550.5819,27181.5895,2742.5311,5637.1702,12512.9893,508.4845,77.1101,2740.9169,1.1273,44.0056,901.6225,3319.9743,330.9134,840.8119,10489.8383,1.001,4493.5788,266.992,25757.158,59.4382,77.7926,4212.004,36.2305,734422.0233,766.8168,912.4678,405.4247